duplicate_article_id,canonical_article_id,jaccard_5gram,length_ratio,duplicate_title,canonical_title,duplicate_date,canonical_date,duplicate_preview,canonical_preview,decision,review_label,review_note
20900bb77008b0464c81,e6090305820383267481,0.927273,0.962963,411 is going out of service for millions of Americans,411 phone number is going out of service for millions of Americans,2023-01-08,2023-01-07,AT&T customers with digital landlines won''t be able to dial 411 or 0 to reach an operator or get directory assistance. AT&T in 2021 ended operator services for wireless callers although customers with home phone landlines can still access operators and directory help.,AT&T customers with digital landlines won''t be able to dial 411 or 0 to reach an operator or get directory assistance. AT&T in 2021 ended operator services for wireless callers although customers with home phone landlines can still access operators and directory help.,merge,,
05a134c06ab008a9d52c,f88a9282762685bb8f9b,0.836364,0.836364,Fidelity National Information Services (FIS) Stock Moves -0.9%: What You Should Know,Fidelity National Information Services (FIS) Stock Moves -0.9%: What You Should Know,2023-10-04,2023-10-04,Fidelity National Information Services (FIS) closed at $53.75 in the latest trading session marking a -0.9% move from the prior day. This change was narrower than the S&P 500''s daily loss of 1.37%.,Fidelity National Information Services (FIS) closed at $53.75 in the latest trading session marking a -0.9% move from the prior day. This change was narrower than the S&P 500''s daily loss of 1.37%. Meanwhile the Dow lost 1.29% and the Nasdaq ...,merge,,
e5ccd70f01654458127e,42f24c797073748f73f8,0.977273,0.977273,Sensormatic Solutions by Johnson Controls shares 2022 U.S. Super Saturday shopper traffic insights,Sensormatic Solutions by Johnson Controls shares 2022 U.S. Super Saturday shopper traffic insights,2022-12-19,2022-12-19,Shopper traffic data indicates that visits to physical stores on Super Saturday (Dec. 17) were up 17% from the previous Saturday (Dec. 10) -- Compared to Super Saturday 2021 shopper traffic was up 0.,Shopper traffic data indicates that visits to physical stores on Super Saturday (Dec. 17) were up 17% from the previous Saturday (Dec. 10) Compared to Super Saturday 2021 shopper traffic was up 0.2%,merge,,
9cec56f34793ad5c585e,919a7d918c23097ae974,1.0,1.0,411 is going out of service for millions of Americans,411 is going out of service for millions of Americans,2023-01-07,2023-01-07,The operator is going off the hook for millions of customers. Starting in January AT&T customers with digital landlines won’t be able to dial 411 or 0 to reach an operator or get directory assistance.,The operator is going off the hook for millions of customers. Starting in January AT&T customers with digital landlines won''t be able to dial 411 or 0 to reach an operator or get directory assistance.,merge,,
8c5930949a3d9f3c3a38,8e58296629f84469cd8d,0.869565,0.869565,Samsung Showcases Groundbreaking Logic Innovations at System LSI Tech Day 2023,Samsung Showcases Groundbreaking Logic Innovations at System LSI Tech Day 2023,2023-10-05,2023-10-05,Samsung Electronics Co. Ltd. a world leader in advanced semiconductor technology today unveiled its latest innovations in analog and logic semiconductor technologies and outlined its blueprint for upcoming technological advancements at its inaugural ...,Samsung Electronics Co. Ltd. a world leader in advanced semiconductor technology today unveiled its latest innovations in analog and logic semiconductor technologies and outlined its blueprint for upcoming technological advancements at its inaugural Samsung System LSI Tech Day 2023 event.,merge,,
91f9239890e39e4693bd,f7f78028c8d9e7fb131e,0.95,0.95,Why Operators Need a Full-Service Technology Partner,Restaurant Tech: Why Operators Need a Full-Service Technology Partner,2023-06-30,2023-06-30,Having the right technology partner can lead to a competitive advantage keeping restaurants’ focus on the customer. IT professionals are not only responsible for maintaining the hardware but also managing software upgrades subscription services ...,Having the right technology partner can lead to a competitive advantage keeping restaurants’ focus on the customer. IT professionals are not only responsible for maintaining the hardware but also managing software upgrades subscription services ...,merge,,
e1dd933ce175e571f1fc,99e4dff966ca14987a42,0.833333,0.833333,Knicks rally to beat Pacers 109-106 for 7th straight victory,Knicks rally to beat Pacers 109-106 for 7th straight victory,2022-12-19,2022-12-19,Jalen Brunson scored 30 points Julius Randle made six free throws in the final minute and the New York Knicks beat the Indiana Pacers 109-106 on Sunday,Jalen Brunson scored 30 points Julius Randle made six free throws in the final minute and the New York Knicks beat the Indiana Pacers 109-106 on Sunday for their NBA-best seventh consecutive victory.,merge,,
c967562f9d4628db990c,c86b8357f117fa7f9444,0.864865,0.864865,Stock market today: Wall Street is mixed; Big Tech climbs,Stock market today: Wall Street is mixed; Big Tech climbs,2023-06-09,2023-06-09,Stocks gave up an early gain and turned mixed on Wall Street as more gains for Big Tech companies helped offset weakness elsewhere in the market.,Stocks gave up an early gain and turned mixed on Wall Street as more gains for Big Tech companies helped offset weakness elsewhere in the market. The S&P 500 was,merge,,
e41e603c9b2b467c7a45,d2f10b6eb420a221b002,1.0,1.0,CereCore expands healthcare technology services into the UK,CereCore® expands healthcare technology services into the UK,2022-12-08,2022-12-09,NASHVILLE Tenn. Dec. 8 2022 /PRNewswire/ -- CereCore today announced they are expanding their healthcare information technology (IT) services including electronic patient record (EPR ...,NASHVILLE Tenn. Dec. 8 2022 /PRNewswire/ -- CereCore today announced they are expanding their healthcare information technology (IT) services including electronic patient record (EPR ...,merge,,
